{
    "المنزل":[32.8933, 13.2046],
    "ميدان الشهداء": [32.894954, 13.181121],
    "سوق الثلاثاء": [32.8862, 13.1871],
    "المدينة القديمة": [32.8844, 13.1879],
    "قصر الملك": [32.8832, 13.1956],
    "برج طرابلس": [32.8965, 13.1777],
    "فندق كورنثيا": [32.8921, 13.1828],
    "قلعة السرايا الحمراء": [32.8916, 13.1800],
    "حديقة الحيوان": [32.8602, 13.2052],
    "متحف ليبيا": [32.8925, 13.1825],
    "مركز طرابلس الدولي للمعارض": [32.8695, 13.1876],
    "مطار معيتيقة الدولي": [32.8942, 13.2765],
    "جامعة طرابلس كلية الهندسة": [32.8573, 13.2101],
    "المسجد الكبير": [32.8849, 13.1867],
    "شاطئ جليانة": [32.8763, 13.1954],
    "قوس ماركوس أوريليوس": [32.8856, 13.1862],
    "سوق الظهرة": [32.8841, 13.1905],
    "السوق الشعبي": [32.8907, 13.1844],
    "الكنيسة الكاتدرائية": [32.8910, 13.1850],
    "مكتبة طرابلس الوطنية": [32.8913, 13.1863],
    "مستشفى طرابلس المركزي": [32.8784, 13.1912],
    "جامعة طرابلس": [32.8497, 13.2215],
    "مركز المدينة": [32.8840, 13.1860],
    "متحف الفن": [32.8872, 13.1914],
    "حديقة الفاتح": [32.8920, 13.1840],
    "شارع الاستقلال": [32.8880, 13.1870],
    "منارة طرابلس": [32.8890, 13.1830],
    "مركز الفنون": [32.8918, 13.1875],
    "الحديقة العامة": [32.8845, 13.1820],
    "متحف التاريخ الطبيعي": [32.8900, 13.1845],
    "مركز العلوم": [32.8908, 13.1865],
    "ميدان القذافي": [32.8865, 13.1835],
    "مسرح طرابلس": [32.8923, 13.1852],
    "مصنع الشوكولاتة": [32.8852, 13.1877],
    "مركز التسوق": [32.8875, 13.1910],
    "العمل":[32.8533, 13.1916],
    "حلويات الصراحة":[32.8930, 13.2054],
    "جزيرة امعيتيقة":[32.8954, 13.2617],
    "سوق المهاري":[32.8916, 13.2001],
    "نريبولي مول":[32.8693, 13.2956],
    "مستشفى الطبي":[32.8537, 13.2291],
    "شارع الجرابة":[32.8755,13.2062],
    "شارع الجماهيرية":[32.8860,13.1946],
    "شارع الشوك":[32.8404, 13.1836],
    "عين زارة":[32.8164, 13.2676],
    "طريق 20 يونيو":[32.8772, 13.2475],
    "طريق صلاح الدين":[32.8280, 13.2131],
    "مطار طرابلس العالمي": [32.8765, 13.2541],
    "فندق المهاري": [32.8835, 13.1872],
    "مجمع الفاتح": [32.8600, 13.1875],
    "حديقة النصر": [32.8846, 13.1790],
    "مكتبة جامعة طرابلس": [32.8502, 13.2200],
    "متحف التاريخ": [32.8830, 13.1843],
    "مركز التسوق الكبير": [32.8885, 13.1915],
    "ميدان التحرير": [32.8850, 13.1805],
    "فندق الودان": [32.8950, 13.1820],
    "حديقة طرابلس": [32.8854, 13.1880],
    "مستشفى الأطفال": [32.8870, 13.1855],
    "قصر الحاكم": [32.8823, 13.1950],
    "محطة القطارات": [32.8787, 13.1861],
    "سوق الخضار": [32.8848, 13.1889],
    "كنيسة القديس جورج": [32.8902, 13.1825],
    "شارع الحرية": [32.8895, 13.1810],
    "سوق الجمعة": [32.8750, 13.1807],
    "مسرح الفنون": [32.8892, 13.1848],
    "مركز الفضاء": [32.8820, 13.1920],
    "جامعة الزيتونة": [32.8475, 13.2180],
    "سوق الزاوية": [32.8955, 13.1855],
    "شاطئ البحر": [32.8841, 13.1940],
    "حديقة السلام": [32.8888, 13.1868],
    "مستشفى الشفاء": [32.8700, 13.1900],
    "فندق الشاطئ": [32.8952, 13.1985],
    "مكتبة الفنون": [32.8898, 13.1842],
    "قوس النصر": [32.8844, 13.1854],
    "متحف الطيران": [32.8603, 13.2030],
    "ميدان الربيع": [32.8795, 13.1902],
    "قاعة المؤتمرات": [32.8904, 13.1874],
    "منطقة البازار": [32.8864, 13.1878],
    "سوق القمح": [32.8836, 13.1892],
    "مركز الفنون الجميلة": [32.8915, 13.1858],
    "شارع الزهور": [32.8720, 13.1960],
    "ميدان الثورة": [32.8896, 13.1859],
    "فندق الأندلس": [32.8775, 13.2031],
    "مستشفى العيون": [32.8847, 13.1908],
    "مكتبة التاريخ": [32.8911, 13.1865],
    "حديقة الورد": [32.8708, 13.1883],
    "سوق العطور": [32.8917, 13.1823],
    "مركز الشباب": [32.8857, 13.1918],
    "ميدان الأمل": [32.8876, 13.1833],
    "فندق الهدى": [32.8937, 13.1989],
    "مستشفى الأمراض النفسية": [32.8790, 13.1944],
    "مكتبة الأطفال": [32.8843, 13.1852],
    "حديقة الحياة": [32.8901, 13.1794],
    "مركز البحوث": [32.8680, 13.1911],
    "شارع الثقافة": [32.8862, 13.1903],
    "ميدان الشجاعة": [32.8874, 13.1897],
    "فندق المستقبل": [32.8928, 13.1864],
    "مستشفى القلب": [32.8842, 13.1910],
    "حديقة المنى": [32.8706, 13.2034],
    "محل الأناقة": [32.8859, 13.1901],
    "بوتيك الهديل": [32.8840, 13.1865],
    "متجر كوتون": [32.8903, 13.1827],
    "محل الفصول الأربعة": [32.8869, 13.1841],
    "فستان الملكة": [32.8851, 13.1872],
    "محل الأحذية العصرية": [32.8894, 13.1854],
    "أزياء النخبة": [32.8912, 13.1846],
    "بوتيك الأمل": [32.8879, 13.1883],
    "محل ملابس الأطفال": [32.8852, 13.1891],
    "متجر الأزياء الحديثة": [32.8922, 13.1821],
    "محل الأحذية الرياضية": [32.8847, 13.1917],
    "متجر عبايات": [32.8901, 13.1904],
    "محل الماركات العالمية": [32.8919, 13.1857],
    "محل الملابس النسائية": [32.8874, 13.1827],
    "متجر الحقائب والشنط": [32.8855, 13.1843],
    "محل الإكسسوارات": [32.8891, 13.1866],
    "بوتيك النجوم": [32.8849, 13.1902],
    "محل الملابس الرجالية": [32.8928, 13.1835],
    "متجر الملابس التقليدية": [32.8866, 13.1878],
    "محل الأقمشة": [32.8909, 13.1816],
    "متجر أدوات التجميل": [32.8861, 13.1887],
    "محل الأدوات المنزلية": [32.8885, 13.1809],
    "بوتيك الخيال": [32.8910, 13.1879],
    "محل الأحذية الرسمية": [32.8870, 13.1822],
    "متجر الأزياء الكلاسيكية": [32.8848, 13.1868],
    "محل المشغولات اليدوية": [32.8893, 13.1834],
    "متجر أدوات المنزل": [32.8850, 13.1864],
    "محل الملابس الداخلية": [32.8924, 13.1810],
    "فستان الفرح": [32.8868, 13.1855],
    "محل الملابس الرياضية": [32.8906, 13.1828],
    "بوتيك الأناقة": [32.8820, 13.1862],
    "محل ملابس السهرة": [32.8842, 13.1907],
    "متجر المجوهرات": [32.8914, 13.1853],
    "محل الملابس الشبابية": [32.8878, 13.1876],
    "متجر الأحذية النسائية": [32.8897, 13.1815],
    "محل العطور": [32.8858, 13.1849],
    "بوتيك الرفاهية": [32.8911, 13.1824],
    "محل الملابس التقليدية": [32.8846, 13.1863],
    "متجر الساعات": [32.8905, 13.1850],
    "محل الملابس الرسمية": [32.8863, 13.1895],
    "متجر الأدوات الرياضية": [32.8856, 13.1842],
    "محل ملابس المحجبات": [32.8828, 13.1861],
    "محل الأقمشة الفاخرة": [32.8871, 13.1885],
    "بوتيك الألوان": [32.8899, 13.1873],
    "محل الساعات والمجوهرات": [32.8845, 13.1908],
    "محل ملابس السباحة": [32.8900, 13.1829],
    "متجر أدوات المطبخ": [32.8867, 13.1888],
    "محل الإكسسوارات النسائية": [32.8892, 13.1852],
    "محل الأزياء النسائية": [32.8917, 13.1826],
    "متجر الملابس العصرية": [32.8853, 13.1902],
    "محل الأزياء الرجالية": [32.8844, 13.1865],
    "فستان الأمل": [32.8873, 13.1844],
    "محل الأحذية للأطفال": [32.8908, 13.1870],
    "متجر الأقمشة": [32.8823, 13.1858],
    "محل الملابس المتنوعة": [32.8860, 13.1882],
    "بوتيك الإبداع": [32.8918, 13.1819],
    "محل الأزياء الكاجوال": [32.8841, 13.1869],
    "متجر الأحذية ذات الكعب العالي": [32.8896, 13.1848],
    "محل الملابس الرياضية النسائية": [32.8854, 13.1909],
    "متجر الحقائب الفاخرة": [32.8921, 13.1847],
    "محل الملابس المستعملة": [32.8865, 13.1890],
    "متجر الأدوات الفنية": [32.8839, 13.1854],
    "محل العطور الراقية": [32.8877, 13.1832],
    "بوتيك الفخامة": [32.8913, 13.1820],
    "محل الأزياء الأوروبية": [32.8852, 13.1860],
    "فستان الأناقة": [32.8851, 13.1903],
    "متجر ملابس المحجبات": [32.8895, 13.1821],
    "محل الملابس الجديدة": [32.8904, 13.1896],
    "بوتيك الفرح": [32.8847, 13.1861],
    "متجر الأزياء العالمية": [32.8919, 13.1856],
    "محل الموضة": [32.8890, 13.1824],
    "شارع البطاطا":[32.8632, 13.2012],
    "مستشفى الهضبة الخضراء":[32.8549, 13.1923],
    "شارع المدار":[32.8672, 13.2136]
}